date,day_of_week,year,effort_hours,sleep_hours,leisure_hours,effort_satisfaction,sleep_satisfaction,leisure_satisfaction,overall_satisfaction
2021-08-15,Sat,freshman,3.50,9.75,10.75,18,85,1,40
2021-08-16,Sun,freshman,4.50,8.50,11.00,38,75,1,44
2021-08-17,Mon,freshman,9.25,8.75,6.00,99,97,62,85
2021-08-18,Tue,freshman,10.75,7.75,5.50,84,80,73,81
2021-08-19,Wed,freshman,6.25,7.50,10.25,67,81,1,56
2021-08-20,Thu,freshman,10.25,7.25,6.50,95,73,49,77
2021-08-21,Fri,freshman,7.75,10.25,6.00,92,80,55,78
2021-08-22,Sat,freshman,2.75,9.75,11.50,21,84,1,36
2021-08-23,Sun,freshman,5.75,8.25,10.00,63,89,1,52
2021-08-24,Mon,freshman,5.50,8.75,9.75,60,94,2,56
2021-08-25,Tue,freshman,6.75,9.00,8.25,76,88,23,66
2021-08-26,Wed,freshman,6.50,9.75,7.75,81,96,28,72
2021-08-27,Thu,freshman,5.25,8.00,10.75,49,85,1,46
2021-08-28,Fri,freshman,5.75,8.00,10.25,61,83,1,58
2021-08-29,Sat,freshman,5.25,9.25,9.50,56,90,6,57
2021-08-30,Sun,freshman,4.25,8.75,11.00,38,86,1,46
2021-08-31,Mon,freshman,8.00,9.50,6.50,87,96,47,81
2021-09-01,Tue,freshman,6.00,9.25,8.75,62,92,13,56
2021-09-02,Wed,freshman,10.50,8.50,5.00,92,89,77,93
2021-09-03,Thu,freshman,4.75,8.25,11.00,45,84,1,43
2021-09-04,Fri,freshman,6.00,9.25,8.75,64,87,6,63
2021-09-05,Sat,freshman,7.75,11.25,5.00,81,75,72,75
2021-09-06,Sun,freshman,6.25,10.00,7.75,70,90,26,71
2021-09-07,Mon,freshman,6.75,8.25,9.00,81,78,5,59
2021-09-08,Tue,freshman,9.50,8.50,6.00,97,90,62,81
2021-09-09,Wed,freshman,6.00,7.75,10.25,70,83,1,59
2021-09-10,Thu,freshman,8.50,9.50,6.00,88,95,63,86
2021-09-11,Fri,freshman,9.25,8.25,6.50,94,88,53,80
2021-09-12,Sat,freshman,6.50,10.75,6.75,68,74,40,67
2021-09-13,Sun,freshman,7.25,10.50,6.25,81,93,53,81
2021-09-14,Mon,freshman,8.25,8.25,7.50,83,81,28,66
2021-09-15,Tue,freshman,5.50,8.75,9.75,60,100,1,59
2021-09-16,Wed,freshman,6.75,8.25,9.00,80,90,8,63
2021-09-17,Thu,freshman,9.50,8.00,6.50,94,92,54,82
2021-09-18,Fri,freshman,7.25,9.50,7.25,79,94,32,74
2021-09-19,Sat,freshman,4.50,11.25,8.25,39,70,14,40
2021-09-20,Sun,freshman,5.50,10.50,8.00,67,74,17,55
2021-09-21,Mon,freshman,9.75,8.25,6.00,84,85,60,82
2021-09-22,Tue,freshman,6.50,8.50,9.00,78,95,7,67
2021-09-23,Wed,freshman,4.00,7.75,12.25,28,78,1,34
2021-09-24,Thu,freshman,5.00,9.00,10.00,43,91,1,45
2021-09-25,Fri,freshman,7.00,8.25,8.75,84,86,20,62
2021-09-26,Sat,freshman,4.25,9.25,10.50,36,94,1,47
2021-09-27,Sun,freshman,7.25,10.00,6.75,86,89,47,81
2021-09-28,Mon,freshman,7.00,7.50,9.50,83,80,1,64
2021-09-29,Tue,freshman,7.50,9.00,7.50,88,86,27,74
2021-09-30,Wed,freshman,6.50,7.50,10.00,73,84,1,55
2021-10-01,Thu,freshman,6.25,9.00,8.75,69,92,6,63
2021-10-02,Fri,freshman,8.00,10.00,6.00,91,76,60,81
2021-10-03,Sat,freshman,5.75,10.25,8.00,58,77,22,53
2021-10-04,Sun,freshman,3.50,10.25,10.25,25,85,1,36
2021-10-05,Mon,freshman,6.00,8.75,9.25,62,90,4,54
2021-10-06,Tue,freshman,6.75,8.75,8.50,72,92,13,64
2021-10-07,Wed,freshman,5.75,8.25,10.00,59,81,1,47
2021-10-08,Thu,freshman,6.75,9.25,8.00,79,89,16,65
2021-10-09,Fri,freshman,8.00,7.75,8.25,86,93,16,64
2021-10-10,Sat,freshman,5.75,10.25,8.00,55,81,16,56
2021-10-11,Sun,freshman,3.50,10.25,10.25,26,81,1,37
2021-10-12,Mon,freshman,8.00,8.25,7.75,98,91,20,79
2021-10-13,Tue,freshman,6.25,9.25,8.50,71,100,11,63
2021-10-14,Wed,freshman,5.50,7.75,10.75,59,76,1,48
2021-10-15,Thu,freshman,9.00,7.25,7.75,100,84,25,73
2021-10-16,Fri,freshman,9.00,8.00,7.00,93,80,43,75
2021-10-17,Sat,freshman,7.75,10.00,6.25,92,92,59,89
2021-10-18,Sun,freshman,3.25,8.50,12.25,16,86,1,36
2021-10-19,Mon,freshman,8.25,8.75,7.00,92,92,35,78
2021-10-20,Tue,freshman,10.00,8.75,5.25,98,100,73,88
2021-10-21,Wed,freshman,7.25,9.75,7.00,74,97,43,74
2021-10-22,Thu,freshman,9.50,9.00,5.50,92,94,72,87
2021-10-23,Fri,freshman,4.75,7.75,11.50,41,92,1,49
2021-10-24,Sat,freshman,2.50,11.50,10.00,19,61,1,26
2021-10-25,Sun,freshman,4.50,8.75,10.75,38,94,1,42
2021-10-26,Mon,freshman,6.00,10.00,8.00,63,90,11,59
2021-10-27,Tue,freshman,7.50,8.25,8.25,92,100,13,74
2021-10-28,Wed,freshman,6.75,10.00,7.25,78,96,35,71
2021-10-29,Thu,freshman,6.00,7.75,10.25,66,83,1,52
2021-10-30,Fri,freshman,7.00,7.50,9.50,76,82,2,63
2021-10-31,Sat,freshman,5.50,9.25,9.25,61,100,8,60
2021-11-01,Sun,freshman,5.00,9.00,10.00,47,96,1,51
2021-11-02,Mon,freshman,9.25,8.50,6.25,91,85,54,80
2021-11-03,Tue,freshman,6.00,9.25,8.75,71,96,9,64
2021-11-04,Wed,freshman,8.75,7.50,7.75,91,73,22,69
2021-11-05,Thu,freshman,5.50,9.75,8.75,56,98,10,60
2021-11-06,Fri,freshman,9.00,8.50,6.50,93,83,45,73
2021-11-07,Sat,freshman,3.00,10.25,10.75,24,89,1,41
2021-11-08,Sun,freshman,5.00,11.25,7.75,54,67,19,46
2021-11-09,Mon,freshman,8.00,10.00,6.00,90,93,61,82
2021-11-10,Tue,freshman,6.25,8.50,9.25,72,95,3,61
2021-11-11,Wed,freshman,9.50,7.75,6.75,100,83,43,82
2021-11-12,Thu,freshman,4.75,9.25,10.00,45,96,1,54
2021-11-13,Fri,freshman,5.00,7.25,11.75,48,71,1,49
2021-11-14,Sat,freshman,6.00,10.25,7.75,61,86,21,54
2021-11-15,Sun,freshman,4.75,10.25,9.00,44,85,8,49
2021-11-16,Mon,freshman,7.75,9.50,6.75,87,95,47,82
2021-11-17,Tue,freshman,10.50,8.00,5.50,83,87,80,84
2021-11-18,Wed,freshman,7.50,7.50,9.00,78,79,3,63
2021-11-19,Thu,freshman,8.50,8.00,7.50,95,77,28,73
2021-11-20,Fri,freshman,5.50,7.25,11.25,62,75,1,52
2021-11-21,Sat,freshman,6.50,9.75,7.75,68,98,22,65
2021-11-22,Sun,freshman,4.00,9.25,10.75,26,87,1,38
2021-11-23,Mon,freshman,5.25,8.50,10.25,56,94,1,49
2021-11-24,Tue,freshman,8.25,8.50,7.25,86,88,35,72
2021-11-25,Wed,freshman,6.00,8.75,9.25,66,94,9,61
2021-11-26,Thu,freshman,5.25,7.50,11.25,52,86,1,42
2021-11-27,Fri,freshman,7.00,10.00,7.00,78,90,42,72
2021-11-28,Sat,freshman,4.25,10.25,9.50,40,89,1,47
2021-11-29,Sun,freshman,3.50,9.75,10.75,27,100,1,52
2021-11-30,Mon,freshman,6.25,7.50,10.25,68,78,1,61
2021-12-01,Tue,freshman,8.25,9.75,6.00,96,90,62,86
2021-12-02,Wed,freshman,10.50,8.50,5.00,97,100,83,91
2021-12-03,Thu,freshman,10.50,7.25,6.25,98,74,54,80
2021-12-04,Fri,freshman,7.50,7.25,9.25,86,74,1,56
2021-12-05,Sat,freshman,6.25,10.00,7.75,77,85,25,67
2021-12-06,Sun,freshman,5.25,9.50,9.25,55,86,4,54
2021-12-07,Mon,freshman,10.00,8.00,6.00,97,90,57,88
2021-12-08,Tue,freshman,10.00,7.50,6.50,90,74,48,78
2021-12-09,Wed,freshman,9.25,8.50,6.25,100,85,58,84
2021-12-10,Thu,freshman,7.50,7.00,9.50,94,71,1,59
2021-12-11,Fri,freshman,9.50,7.75,6.75,86,81,50,77
2021-12-12,Sat,freshman,6.75,8.50,8.75,75,91,14,67
2021-12-13,Sun,freshman,8.75,8.50,6.75,94,89,46,79
2021-12-14,Mon,freshman,9.75,8.25,6.00,100,89,60,84
2021-12-15,Tue,freshman,10.50,7.00,6.50,86,76,46,72
2021-12-16,Wed,freshman,7.25,7.25,9.50,90,76,1,63
2021-12-17,Thu,freshman,8.50,9.25,6.25,89,100,55,91
2021-12-18,Fri,freshman,10.25,7.00,6.75,94,73,51,75
2021-12-19,Sat,freshman,7.25,9.75,7.00,87,90,41,75
2021-12-20,Sun,freshman,5.75,10.00,8.25,62,86,14,55
2021-12-21,Mon,freshman,7.50,8.75,7.75,74,87,26,69
2021-12-22,Tue,freshman,11.75,8.00,4.25,87,78,87,83
2021-12-23,Wed,freshman,7.50,8.25,8.25,90,98,17,79
2021-12-24,Thu,freshman,8.25,7.75,8.00,97,87,21,74
2021-12-25,Fri,freshman,7.75,7.00,9.25,87,70,6,60
2021-12-26,Sat,freshman,6.25,10.00,7.75,74,83,24,63
2021-12-27,Sun,freshman,7.50,7.75,8.75,93,88,13,69
2021-12-28,Mon,freshman,11.25,7.00,5.75,91,73,68,73
2021-12-29,Tue,freshman,7.25,8.50,8.25,77,87,16,63
2021-12-30,Wed,freshman,8.50,8.75,6.75,94,99,38,81
2021-12-31,Thu,freshman,8.00,7.50,8.50,92,82,11,66
2022-01-01,Fri,freshman,8.50,6.50,9.00,92,58,7,53
2022-01-02,Sat,freshman,4.25,10.25,9.50,36,81,5,38
2022-01-03,Sun,freshman,6.00,9.75,8.25,58,82,22,57
2022-01-04,Mon,freshman,8.00,8.50,7.50,94,92,33,83
2022-01-05,Tue,freshman,7.00,10.50,6.50,79,85,53,74
2022-01-06,Wed,freshman,7.50,6.75,9.75,83,66,1,58
2022-01-07,Thu,freshman,6.50,7.75,9.75,67,86,1,57
2022-01-08,Fri,freshman,9.50,8.00,6.50,89,88,57,81
2022-01-09,Sat,freshman,2.25,9.25,12.50,12,89,1,41
2022-01-10,Sun,freshman,2.25,11.75,10.00,17,64,1,29
2022-01-11,Mon,freshman,6.25,8.50,9.25,61,95,9,58
2022-01-12,Tue,freshman,4.75,8.50,10.75,40,98,1,51
2022-01-13,Wed,freshman,6.75,8.50,8.75,79,88,14,61
2022-01-14,Thu,freshman,6.50,8.50,9.00,73,90,8,69
2022-01-15,Fri,freshman,8.25,7.75,8.00,95,85,22,70
2022-01-16,Sat,freshman,6.00,8.50,9.50,56,96,1,61
2022-01-17,Sun,freshman,5.25,9.75,9.00,56,95,6,53
2022-01-18,Mon,freshman,4.50,8.50,11.00,41,92,1,44
2022-01-19,Tue,freshman,4.00,7.75,12.25,28,84,1,44
2022-01-20,Wed,freshman,6.25,7.75,10.00,68,89,1,58
2022-01-21,Thu,freshman,11.00,9.75,3.25,86,89,74,76
2022-01-22,Fri,freshman,7.75,9.50,6.75,83,98,41,80
2022-01-23,Sat,freshman,6.00,10.00,8.00,75,93,17,70
2022-01-24,Sun,freshman,4.50,9.50,10.00,37,83,1,46
2022-01-25,Mon,freshman,7.75,9.00,7.25,88,93,33,76
2022-01-26,Tue,freshman,8.00,9.25,6.75,87,90,40,76
2022-01-27,Wed,freshman,5.50,9.50,9.00,55,97,4,56
2022-01-28,Thu,freshman,7.75,7.75,8.50,85,87,15,70
2022-01-29,Fri,freshman,7.25,8.25,8.50,86,88,20,70
2022-01-30,Sat,freshman,7.25,9.50,7.25,86,85,38,80
2022-01-31,Sun,freshman,6.50,10.50,7.00,70,85,28,68
2022-02-01,Mon,freshman,8.75,8.50,6.75,80,100,42,74
2022-02-02,Tue,freshman,8.00,7.25,8.75,100,70,8,66
2022-02-03,Wed,freshman,8.25,9.25,6.50,85,86,46,74
2022-02-04,Thu,freshman,6.00,8.00,10.00,65,84,1,56
2022-02-05,Fri,freshman,8.25,7.50,8.25,96,84,17,74
2022-02-06,Sat,freshman,3.25,10.25,10.50,23,87,1,32
2022-02-07,Sun,freshman,5.75,9.75,8.50,60,87,16,57
2022-02-08,Mon,freshman,6.25,7.75,10.00,72,80,1,56
2022-02-09,Tue,freshman,8.00,9.75,6.25,95,87,53,78
2022-02-10,Wed,freshman,5.25,9.00,9.75,54,96,1,58
2022-02-11,Thu,freshman,6.25,8.50,9.25,72,87,1,62
2022-02-12,Fri,freshman,6.25,8.25,9.50,65,94,4,59
2022-02-13,Sat,freshman,2.50,8.75,12.75,27,94,1,42
2022-02-14,Sun,freshman,8.25,10.75,5.00,88,72,76,78
2022-02-15,Mon,freshman,6.50,8.50,9.00,71,91,1,61
2022-02-16,Tue,freshman,8.00,8.50,7.50,87,94,33,71
2022-02-17,Wed,freshman,7.75,8.50,7.75,91,93,27,79
2022-02-18,Thu,freshman,5.75,7.00,11.25,72,70,1,52
2022-02-19,Fri,freshman,9.50,9.75,4.75,89,89,77,81
2022-02-20,Sat,freshman,7.00,9.50,7.50,72,94,27,73
2022-02-21,Sun,freshman,6.25,8.50,9.25,67,86,2,58
2022-02-22,Mon,freshman,8.00,8.25,7.75,86,87,24,69
2022-02-23,Tue,freshman,8.50,9.25,6.25,93,98,49,80
2022-02-24,Wed,freshman,7.25,9.00,7.75,81,97,26,74
2022-02-25,Thu,freshman,6.50,7.25,10.25,78,73,1,54
2022-02-26,Fri,freshman,5.00,6.75,12.25,56,70,1,48
2022-02-27,Sat,freshman,2.50,10.75,10.75,17,80,1,32
2022-02-28,Sun,freshman,3.25,9.50,11.25,19,96,1,40
2022-03-01,Mon,freshman,6.50,7.50,10.00,80,83,1,64
2022-03-02,Tue,freshman,7.75,8.00,8.25,80,89,16,72
2022-03-03,Wed,freshman,8.00,7.75,8.25,93,83,21,72
2022-03-04,Thu,freshman,8.75,7.25,8.00,92,77,24,70
2022-03-05,Fri,freshman,7.25,8.25,8.50,89,89,15,69
2022-03-06,Sat,freshman,4.25,9.25,10.50,41,93,1,48
2022-03-07,Sun,freshman,5.00,10.75,8.25,45,72,15,49
2022-03-08,Mon,freshman,5.50,8.25,10.25,59,78,1,52
2022-03-09,Tue,freshman,3.75,8.75,11.50,33,89,1,44
2022-03-10,Wed,freshman,9.75,8.75,5.50,92,77,71,84
2022-03-11,Thu,freshman,6.00,9.50,8.50,69,95,15,66
2022-03-12,Fri,freshman,5.00,9.00,10.00,44,95,1,51
2022-03-13,Sat,freshman,5.50,10.25,8.25,64,80,13,58
2022-03-14,Sun,freshman,3.00,10.25,10.75,23,91,1,40
2022-03-15,Mon,freshman,7.00,8.25,8.75,87,99,10,74
2022-03-16,Tue,freshman,8.00,9.25,6.75,86,91,40,70
2022-03-17,Wed,freshman,5.50,8.00,10.50,63,95,1,65
2022-03-18,Thu,freshman,8.25,9.75,6.00,91,88,61,83
2022-03-19,Fri,freshman,7.75,8.75,7.50,89,88,25,75
2022-03-20,Sat,freshman,6.75,10.75,6.50,81,81,52,69
2022-03-21,Sun,freshman,3.75,9.75,10.50,30,88,1,40
2022-03-22,Mon,freshman,6.50,9.00,8.50,72,97,8,66
2022-03-23,Tue,freshman,6.00,7.75,10.25,68,82,1,54
2022-03-24,Wed,freshman,8.75,8.50,6.75,87,98,44,81
2022-03-25,Thu,freshman,7.25,9.25,7.50,79,100,28,75
2022-03-26,Fri,freshman,4.25,9.00,10.75,54,89,1,53
2022-03-27,Sat,freshman,5.75,8.75,9.50,63,91,1,54
2022-03-28,Sun,freshman,5.75,9.75,8.50,59,91,13,61
2022-03-29,Mon,freshman,8.25,7.50,8.25,88,81,23,69
2022-03-30,Tue,freshman,9.00,9.00,6.00,98,88,51,85
2022-03-31,Wed,freshman,6.25,9.50,8.25,69,92,13,64
2022-04-01,Thu,freshman,5.75,8.50,9.75,62,86,1,53
2022-04-02,Fri,freshman,5.75,8.25,10.00,55,81,1,56
2022-04-03,Sat,freshman,3.25,10.75,10.00,23,78,1,35
2022-04-04,Sun,freshman,2.75,9.75,11.50,14,93,1,39
2022-04-05,Mon,freshman,8.00,7.75,8.25,85,83,17,65
2022-04-06,Tue,freshman,5.50,8.25,10.25,58,91,1,56
2022-04-07,Wed,freshman,5.50,9.75,8.75,56,94,3,57
2022-04-08,Thu,freshman,8.50,8.75,6.75,96,84,43,79
2022-04-09,Fri,freshman,6.25,9.25,8.50,71,98,12,65
2022-04-10,Sat,freshman,5.25,9.75,9.00,52,85,11,50
2022-04-11,Sun,freshman,3.75,10.25,10.00,26,84,1,40
2022-04-12,Mon,freshman,4.75,8.00,11.25,43,82,1,46
2022-04-13,Tue,freshman,6.00,7.75,10.25,67,87,1,56
2022-04-14,Wed,freshman,7.00,8.50,8.50,76,85,9,59
2022-04-15,Thu,freshman,7.50,8.00,8.50,87,96,19,73
2022-04-16,Fri,freshman,6.75,7.50,9.75,79,82,4,60
2022-04-17,Sat,freshman,6.25,9.25,8.50,67,94,18,70
2022-04-18,Sun,freshman,4.25,10.00,9.75,39,82,1,44
2022-04-19,Mon,freshman,8.00,8.00,8.00,85,89,29,69
2022-04-20,Tue,freshman,7.25,8.75,8.00,75,87,18,70
2022-04-21,Wed,freshman,9.50,8.25,6.25,91,92,56,82
2022-04-22,Thu,freshman,4.00,7.75,12.25,37,83,1,43
2022-04-23,Fri,freshman,6.00,10.00,8.00,57,90,14,57
2022-04-24,Sat,freshman,3.00,9.50,11.50,18,90,1,37
2022-04-25,Sun,freshman,6.50,9.50,8.00,70,93,18,71
2022-04-26,Mon,freshman,7.50,9.25,7.25,92,97,28,77
2022-04-27,Tue,freshman,9.00,8.25,6.75,100,97,45,88
2022-04-28,Wed,freshman,6.50,8.00,9.50,80,85,1,64
2022-04-29,Thu,freshman,7.25,8.75,8.00,87,92,18,75
2022-04-30,Fri,freshman,6.50,8.75,8.75,75,95,13,68
2022-05-01,Sat,freshman,3.25,11.50,9.25,16,64,2,31
2022-05-02,Sun,freshman,8.50,9.75,5.75,87,94,63,83
2022-05-03,Mon,freshman,10.75,6.75,6.50,84,65,44,65
2022-05-04,Tue,freshman,7.50,9.00,7.50,89,100,27,76
2022-05-05,Wed,freshman,7.75,7.75,8.50,88,76,10,62
2022-05-06,Thu,freshman,10.75,6.75,6.50,85,60,39,63
2022-05-07,Fri,freshman,10.00,8.50,5.50,90,92,71,85
2022-05-08,Sat,freshman,8.75,9.25,6.00,90,97,59,77
2022-05-09,Sun,freshman,7.50,7.50,9.00,87,81,10,69
2022-05-10,Mon,freshman,8.75,6.25,9.00,100,55,9,62
2022-05-11,Tue,freshman,8.50,6.50,9.00,98,58,6,56
2022-05-12,Wed,freshman,8.25,7.25,8.50,96,73,16,73
2022-05-13,Thu,freshman,10.25,7.25,6.50,94,70,49,77
2022-05-14,Fri,freshman,9.00,8.00,7.00,88,83,37,72
2022-05-15,Sat,freshman,6.50,7.00,10.50,72,74,1,49
2022-05-16,Sun,freshman,6.75,8.75,8.50,85,94,10,71
2022-05-17,Mon,freshman,10.00,7.00,7.00,88,77,44,70
2022-05-18,Tue,freshman,9.25,7.75,7.00,96,89,32,78
2022-05-19,Wed,freshman,9.00,7.75,7.25,86,79,38,72
2022-05-20,Thu,freshman,7.50,8.75,7.75,75,96,20,69
2022-05-21,Fri,freshman,8.25,7.25,8.50,90,70,16,68
2022-05-22,Sat,freshman,6.50,9.25,8.25,82,90,19,74
2022-05-23,Sun,freshman,5.25,9.25,9.50,48,91,1,52
2022-05-24,Mon,freshman,8.50,9.00,6.50,99,92,46,83
2022-05-25,Tue,freshman,8.75,6.50,8.75,94,56,9,56
2022-05-26,Wed,freshman,10.00,7.00,7.00,95,77,30,70
2022-05-27,Thu,freshman,8.50,8.25,7.25,89,91,30,70
2022-05-28,Fri,freshman,10.25,7.50,6.25,98,72,47,78
2022-05-29,Sat,freshman,8.50,9.50,6.00,89,82,57,81
2022-05-30,Sun,freshman,5.75,8.50,9.75,63,89,1,57
2022-05-31,Mon,freshman,6.50,7.25,10.25,72,71,1,53
2022-06-01,Tue,sophomore,16.00,6.00,2.00,69,58,45,62
2022-06-02,Wed,sophomore,10.25,7.00,6.75,95,68,42,72
2022-06-03,Thu,sophomore,11.75,7.25,5.00,90,75,71,82
2022-06-04,Fri,sophomore,10.50,7.50,6.00,86,90,68,84
2022-06-05,Sat,sophomore,9.00,9.75,5.25,100,96,77,97
2022-06-06,Sun,sophomore,5.00,9.25,9.75,45,100,1,54
2022-06-07,Mon,sophomore,8.00,6.25,9.75,84,60,1,58
2022-06-08,Tue,sophomore,9.25,7.25,7.50,99,70,36,68
2022-06-09,Wed,sophomore,10.25,8.50,5.25,92,94,70,89
2022-06-10,Thu,sophomore,8.25,7.75,8.00,87,78,22,70
2022-06-11,Fri,sophomore,10.00,8.25,5.75,95,92,62,89
2022-06-12,Sat,sophomore,6.75,8.00,9.25,78,86,1,61
2022-06-13,Sun,sophomore,4.25,7.50,12.25,42,81,1,42
2022-06-14,Mon,sophomore,10.75,6.50,6.75,97,53,51,68
2022-06-15,Tue,sophomore,13.50,7.50,3.00,84,84,65,84
2022-06-16,Wed,sophomore,10.25,7.00,6.75,91,68,49,71
2022-06-17,Thu,sophomore,7.50,7.50,9.00,86,87,1,60
2022-06-18,Fri,sophomore,9.75,6.75,7.50,93,60,28,66
2022-06-19,Sat,sophomore,7.75,10.00,6.25,89,91,51,81
2022-06-20,Sun,sophomore,7.50,8.50,8.00,80,100,21,71
2022-06-21,Mon,sophomore,12.00,6.75,5.25,77,60,79,70
2022-06-22,Tue,sophomore,7.50,6.25,10.25,79,52,1,55
2022-06-23,Wed,sophomore,10.25,8.25,5.50,89,92,74,85
2022-06-24,Thu,sophomore,12.50,9.50,2.00,89,87,39,79
2022-06-25,Fri,sophomore,7.50,6.50,10.00,90,56,1,54
2022-06-26,Sat,sophomore,6.50,7.50,10.00,73,83,1,65
2022-06-27,Sun,sophomore,6.75,8.75,8.50,82,88,14,68
2022-06-28,Mon,sophomore,10.25,7.00,6.75,92,76,40,72
2022-06-29,Tue,sophomore,8.25,7.25,8.50,79,71,7,57
2022-06-30,Wed,sophomore,11.00,7.25,5.75,83,75,75,79
2022-07-01,Thu,sophomore,10.00,8.50,5.50,93,95,69,89
2022-08-02,Mon,sophomore,9.00,7.25,7.75,89,72,26,66
2022-08-03,Tue,sophomore,9.25,8.75,6.00,83,93,58,75
2022-08-04,Wed,sophomore,9.25,7.50,7.25,92,80,34,79
2022-08-05,Thu,sophomore,11.50,6.25,6.25,83,60,61,64
2022-08-06,Fri,sophomore,12.00,7.00,5.00,82,72,82,79
2022-08-07,Sat,sophomore,4.75,9.00,10.25,52,96,1,54
2022-08-08,Sun,sophomore,3.75,11.00,9.25,33,68,6,41
2022-08-09,Mon,sophomore,10.00,7.00,7.00,90,77,34,69
2022-08-10,Tue,sophomore,15.25,8.25,0.50,83,90,27,69
2022-08-11,Wed,sophomore,9.75,7.50,6.75,97,73,40,80
2022-08-12,Thu,sophomore,10.00,8.75,5.25,95,89,76,91
2022-08-13,Fri,sophomore,8.75,7.25,8.00,90,78,16,68
2022-08-14,Sat,sophomore,7.00,9.00,8.00,76,93,18,71
2022-08-15,Sun,sophomore,2.75,9.00,12.25,31,92,1,45
2022-08-16,Mon,sophomore,4.25,7.50,12.25,36,85,1,38
2022-08-17,Tue,sophomore,9.25,6.25,8.50,100,52,6,64
2022-08-18,Wed,sophomore,10.75,6.75,6.50,90,68,46,71
2022-08-19,Thu,sophomore,10.50,8.25,5.25,96,92,69,81
2022-08-20,Fri,sophomore,10.50,9.00,4.50,99,87,85,94
2022-08-21,Sat,sophomore,7.75,9.00,7.25,82,94,34,74
2022-08-22,Sun,sophomore,11.00,9.75,3.25,92,87,70,86
2022-08-23,Mon,sophomore,9.75,7.75,6.50,94,82,46,78
2022-08-24,Tue,sophomore,10.00,6.50,7.50,91,62,31,70
2022-08-25,Wed,sophomore,11.00,9.00,4.00,88,86,82,84
2022-08-26,Thu,sophomore,8.75,8.50,6.75,100,89,44,80
2022-08-27,Fri,sophomore,8.50,8.50,7.00,93,100,41,82
2022-08-28,Sat,sophomore,3.25,9.75,11.00,24,89,1,41
2022-08-29,Sun,sophomore,6.25,8.50,9.25,75,94,1,60
2022-08-30,Mon,sophomore,6.75,8.25,9.00,77,94,6,64
2022-08-31,Tue,sophomore,11.25,6.25,6.50,84,60,47,68
2022-09-01,Wed,sophomore,10.25,6.75,7.00,82,57,37,63
2022-09-02,Thu,sophomore,10.25,6.00,7.75,92,54,28,68
2022-09-03,Fri,sophomore,12.25,8.00,3.75,86,78,84,83
2022-09-04,Sat,sophomore,9.25,9.00,5.75,92,92,65,82
2022-09-05,Sun,sophomore,8.75,8.00,7.25,88,83,30,74
2022-09-06,Mon,sophomore,9.50,7.25,7.25,86,83,36,69
2022-09-07,Tue,sophomore,9.00,7.25,7.75,99,67,22,68
2022-09-08,Wed,sophomore,12.50,6.75,4.75,91,69,84,84
2022-09-09,Thu,sophomore,8.50,6.00,9.50,85,49,1,54
2022-09-10,Fri,sophomore,14.50,8.00,1.50,85,82,39,75
2022-09-11,Sat,sophomore,10.00,9.75,4.25,87,100,82,92
2022-09-12,Sun,sophomore,4.75,9.25,10.00,42,98,1,52
2022-09-13,Mon,sophomore,10.00,6.75,7.25,100,67,31,70
2022-09-14,Tue,sophomore,11.25,7.25,5.50,87,79,72,85
2022-09-15,Wed,sophomore,10.00,8.25,5.75,86,94,64,82
2022-09-16,Thu,sophomore,9.00,9.75,5.25,88,89,81,87
2022-09-17,Fri,sophomore,10.25,8.25,5.50,89,87,72,86
2022-09-18,Sat,sophomore,8.50,9.25,6.25,91,97,53,86
2022-09-19,Sun,sophomore,8.00,9.50,6.50,82,93,41,71
2022-09-20,Mon,sophomore,7.50,7.25,9.25,86,76,4,59
2022-09-21,Tue,sophomore,12.25,8.00,3.75,86,87,83,88
2022-09-22,Wed,sophomore,6.50,6.00,11.50,66,49,1,50
2022-09-23,Thu,sophomore,11.00,8.50,4.50,95,96,84,95
2022-09-24,Fri,sophomore,8.75,7.50,7.75,93,87,29,75
2022-09-25,Sat,sophomore,8.00,9.00,7.00,92,100,42,81
2022-09-26,Sun,sophomore,6.00,6.50,11.50,67,63,1,48
2022-09-27,Mon,sophomore,10.00,8.25,5.75,90,86,64,81
2022-09-28,Tue,sophomore,9.25,5.25,9.50,88,52,1,56
2022-09-29,Wed,sophomore,7.25,7.25,9.50,77,82,6,66
2022-09-30,Thu,sophomore,13.75,8.50,1.75,83,100,41,73
2022-10-01,Fri,sophomore,9.75,7.75,6.50,100,88,52,82
2022-10-02,Sat,sophomore,9.00,8.50,6.50,90,93,44,78
2022-10-03,Sun,sophomore,5.00,7.75,11.25,51,80,1,44
2022-10-04,Mon,sophomore,10.75,9.25,4.00,89,96,89,90
2022-10-05,Tue,sophomore,11.50,9.00,3.50,93,96,76,88
2022-10-06,Wed,sophomore,8.75,7.75,7.50,98,85,32,74
2022-10-07,Thu,sophomore,10.75,7.50,5.75,93,75,63,79
2022-10-08,Fri,sophomore,8.00,7.00,9.00,91,79,17,69
2022-10-09,Sat,sophomore,7.75,9.00,7.25,88,95,32,83
2022-10-10,Sun,sophomore,3.75,8.75,11.50,22,97,1,44
2022-10-11,Mon,sophomore,9.00,7.25,7.75,94,78,19,66
2022-10-12,Tue,sophomore,10.25,7.00,6.75,88,73,53,77
2022-10-13,Wed,sophomore,12.25,7.00,4.75,92,69,75,81
2022-10-14,Thu,sophomore,11.50,5.75,6.75,88,40,48,64
2022-10-15,Fri,sophomore,10.25,7.50,6.25,95,71,54,76
2022-10-16,Sat,sophomore,7.00,9.00,8.00,86,87,19,72
2022-10-17,Sun,sophomore,4.25,9.00,10.75,35,93,1,46
2022-10-18,Mon,sophomore,9.75,7.00,7.25,82,73,39,70
2022-10-19,Tue,sophomore,10.25,6.00,7.75,90,52,26,61
2022-10-20,Wed,sophomore,11.50,7.25,5.25,87,80,76,82
2022-10-21,Thu,sophomore,13.75,7.75,2.50,82,71,60,76
2022-10-22,Fri,sophomore,9.00,8.75,6.25,91,92,56,82
2022-10-23,Sat,sophomore,6.50,6.75,10.75,71,62,1,50
2022-10-24,Sun,sophomore,12.50,9.25,2.25,94,84,56,82
2022-10-25,Mon,sophomore,6.50,9.00,8.50,64,88,14,60
2022-10-26,Tue,sophomore,10.50,7.00,6.50,86,72,49,73
2022-10-27,Wed,sophomore,11.25,8.25,4.50,78,90,77,85
2022-10-28,Thu,sophomore,8.50,8.50,7.00,84,92,46,82
2022-10-29,Fri,sophomore,10.00,8.50,5.50,90,93,71,87
2022-10-30,Sat,sophomore,8.50,8.75,6.75,100,99,44,87
2022-10-31,Sun,sophomore,8.00,7.00,9.00,97,76,1,67
2022-11-01,Mon,sophomore,8.50,6.50,9.00,100,60,1,62
2022-11-02,Tue,sophomore,12.00,7.25,4.75,78,75,82,78
2022-11-03,Wed,sophomore,5.25,8.25,10.50,52,89,1,50
2022-11-04,Thu,sophomore,13.75,7.25,3.00,90,74,64,77
2022-11-05,Fri,sophomore,8.00,8.00,8.00,96,87,19,69
2022-11-06,Sat,sophomore,11.25,10.00,2.75,83,91,60,79
2022-11-07,Sun,sophomore,5.25,10.25,8.50,46,85,10,54
2022-11-08,Mon,sophomore,9.50,7.75,6.75,96,86,46,75
2022-11-09,Tue,sophomore,8.00,6.75,9.25,88,66,7,58
2022-11-10,Wed,sophomore,9.75,8.25,6.00,97,92,64,88
2022-11-11,Thu,sophomore,12.00,8.50,3.50,85,91,78,85
2022-11-12,Fri,sophomore,9.50,7.75,6.75,100,86,35,79
2022-11-13,Sat,sophomore,8.00,10.00,6.00,87,92,59,85
2022-11-14,Sun,sophomore,4.50,8.00,11.50,40,83,1,47
2022-11-15,Mon,sophomore,11.00,6.75,6.25,94,67,56,75
2022-11-16,Tue,sophomore,10.25,9.00,4.75,90,90,77,84
2022-11-17,Wed,sophomore,8.75,7.75,7.50,88,85,27,64
2022-11-18,Thu,sophomore,6.00,6.25,11.75,61,63,1,41
2022-11-19,Fri,sophomore,9.25,7.25,7.50,94,76,32,75
2022-11-20,Sat,sophomore,10.75,11.00,2.25,91,71,50,72
2022-11-21,Sun,sophomore,3.50,8.25,12.25,21,88,1,43
2022-11-22,Mon,sophomore,7.00,7.50,9.50,78,89,7,65
2022-11-23,Tue,sophomore,8.00,8.00,8.00,90,87,20,66
2022-11-24,Wed,sophomore,9.00,7.75,7.25,87,89,22,72
2022-11-25,Thu,sophomore,11.00,6.75,6.25,79,55,53,66
2022-11-26,Fri,sophomore,10.25,7.50,6.25,87,91,60,81
2022-11-27,Sat,sophomore,5.75,8.75,9.50,61,90,2,61
2022-11-28,Sun,sophomore,7.75,8.75,7.50,86,95,26,77
2022-11-29,Mon,sophomore,8.25,6.75,9.00,87,61,9,58
2022-11-30,Tue,sophomore,10.25,6.00,7.75,95,47,20,57
2022-12-01,Wed,sophomore,10.75,9.25,4.00,95,93,77,92
2022-12-02,Thu,sophomore,13.75,6.00,4.25,86,61,77,77
2022-12-03,Fri,sophomore,10.00,6.00,8.00,88,48,18,57
2022-12-04,Sat,sophomore,6.50,6.00,11.50,67,47,1,41
2022-12-05,Sun,sophomore,8.75,5.75,9.50,94,48,3,55
2022-12-06,Mon,sophomore,13.25,6.00,4.75,84,56,82,69
2022-12-07,Tue,sophomore,16.00,5.25,2.75,65,40,67,60
2022-12-08,Wed,sophomore,12.75,7.25,4.00,84,77,94,80
2022-12-09,Thu,sophomore,14.25,5.50,4.25,90,39,88,73
2022-12-10,Fri,sophomore,12.50,6.00,5.50,89,52,69,71
2022-12-11,Sat,sophomore,12.00,7.25,4.75,93,77,80,89
2022-12-12,Sun,sophomore,8.50,6.25,9.25,93,55,7,61
2022-12-13,Mon,sophomore,13.75,7.25,3.00,77,75,67,75
2022-12-14,Tue,sophomore,14.00,5.25,4.75,89,36,87,73
2022-12-15,Wed,sophomore,12.25,6.25,5.50,82,58,75,70
2022-12-16,Thu,sophomore,10.25,4.75,9.00,89,31,1,47
2022-12-17,Fri,sophomore,13.75,8.25,2.00,84,83,50,71
2022-12-18,Sat,sophomore,8.00,7.75,8.25,82,80,15,62
2022-12-19,Sun,sophomore,9.25,8.75,6.00,90,94,66,85
2022-12-20,Mon,sophomore,14.75,6.25,3.00,86,55,72,70
2022-12-21,Tue,sophomore,13.75,5.75,4.50,90,46,82,72
2022-12-22,Wed,sophomore,12.00,8.00,4.00,95,90,87,92
2022-12-23,Thu,sophomore,13.25,6.00,4.75,89,55,87,73
2022-12-24,Fri,sophomore,10.75,7.00,6.25,92,67,53,76
2022-12-25,Sat,sophomore,10.25,7.25,6.50,84,78,53,74
2022-12-26,Sun,sophomore,9.50,7.25,7.25,90,78,28,71
2022-12-27,Mon,sophomore,8.75,7.00,8.25,94,78,25,65
2022-12-28,Tue,sophomore,9.75,7.25,7.00,94,85,38,78
2022-12-29,Wed,sophomore,13.00,5.25,5.75,84,48,65,63
2022-12-30,Thu,sophomore,14.25,8.25,1.50,81,92,42,74
2022-12-31,Fri,sophomore,16.00,5.75,2.25,76,45,52,55
2023-01-01,Sat,sophomore,4.00,9.00,11.00,26,92,1,44
2023-01-02,Sun,sophomore,7.00,10.50,6.50,77,84,48,69
2023-01-03,Mon,sophomore,10.50,8.50,5.00,88,94,75,92
2023-01-04,Tue,sophomore,13.50,7.50,3.00,87,79,76,83
2023-01-05,Wed,sophomore,8.00,7.25,8.75,93,79,4,66
2023-01-06,Thu,sophomore,10.00,5.50,8.50,100,43,8,58
2023-01-07,Fri,sophomore,11.00,8.25,4.75,94,94,85,85
2023-01-08,Sat,sophomore,8.00,8.25,7.75,88,82,17,63
2023-01-09,Sun,sophomore,10.50,8.75,4.75,84,87,77,83
2023-01-10,Mon,sophomore,9.00,6.75,8.25,99,71,24,66
2023-01-11,Tue,sophomore,8.50,6.50,9.00,93,61,13,62
2023-01-12,Wed,sophomore,8.25,8.50,7.25,96,99,40,83
2023-01-13,Thu,sophomore,9.75,6.50,7.75,95,67,17,67
2023-01-14,Fri,sophomore,9.25,7.00,7.75,95,75,24,66
2023-01-15,Sat,sophomore,4.00,8.25,11.75,20,93,1,36
2023-01-16,Sun,sophomore,10.75,8.00,5.25,88,85,76,88
2023-01-17,Mon,sophomore,7.25,6.75,10.00,81,61,1,49
2023-01-18,Tue,sophomore,9.50,7.50,7.00,98,81,27,74
2023-01-19,Wed,sophomore,7.50,8.00,8.50,88,99,17,74
2023-01-20,Thu,sophomore,8.25,7.75,8.00,98,79,19,70
2023-01-21,Fri,sophomore,5.75,10.25,8.00,59,88,22,58
2023-01-22,Sat,sophomore,6.25,7.75,10.00,67,82,1,57
2023-01-23,Sun,sophomore,6.00,10.00,8.00,61,94,19,66
2023-01-24,Mon,sophomore,9.00,6.50,8.50,96,64,14,63
2023-01-25,Tue,sophomore,7.75,7.75,8.50,81,83,18,63
2023-01-26,Wed,sophomore,9.25,8.75,6.00,94,87,67,82
2023-01-27,Thu,sophomore,8.50,7.50,8.00,92,77,17,66
2023-01-28,Fri,sophomore,10.75,7.25,6.00,99,79,62,79
2023-01-29,Sat,sophomore,7.50,9.75,6.75,80,95,43,69
2023-01-30,Sun,sophomore,7.75,8.75,7.50,82,98,29,78
2023-01-31,Mon,sophomore,15.00,8.25,0.75,85,90,21,72
2023-02-01,Tue,sophomore,9.25,6.50,8.25,94,61,17,64
2023-02-02,Wed,sophomore,10.75,7.00,6.25,89,69,54,71
2023-02-03,Thu,sophomore,8.25,7.25,8.50,94,73,19,68
2023-02-04,Fri,sophomore,12.25,9.00,2.75,92,94,66,87
2023-02-05,Sat,sophomore,7.00,7.75,9.25,83,84,1,65
2023-02-06,Sun,sophomore,8.25,11.50,4.25,83,75,77,77
2023-02-07,Mon,sophomore,14.25,4.75,5.00,91,33,80,65
2023-02-08,Tue,sophomore,6.50,8.75,8.75,68,83,11,58
2023-02-09,Wed,sophomore,9.00,8.75,6.25,96,87,55,80
2023-02-10,Thu,sophomore,8.75,8.75,6.50,95,93,46,84
2023-02-11,Fri,sophomore,12.50,8.50,3.00,85,88,66,85
2023-02-12,Sat,sophomore,3.00,9.75,11.25,22,93,1,38
2023-02-13,Sun,sophomore,6.50,9.50,8.00,73,96,24,65
2023-02-14,Mon,sophomore,7.75,8.25,8.00,81,81,24,71
2023-02-15,Tue,sophomore,8.50,6.75,8.75,100,74,11,66
2023-02-16,Wed,sophomore,10.00,8.75,5.25,92,96,81,93
2023-02-17,Thu,sophomore,12.00,7.75,4.25,86,80,86,87
2023-02-18,Fri,sophomore,9.50,6.00,8.50,92,41,15,56
2023-02-19,Sat,sophomore,6.75,7.25,10.00,81,76,1,63
2023-02-20,Sun,sophomore,4.25,7.50,12.25,33,80,1,40
2023-02-21,Mon,sophomore,14.75,8.75,0.50,85,83,22,67
2023-02-22,Tue,sophomore,10.50,5.75,7.75,81,37,30,55
2023-02-23,Wed,sophomore,7.75,7.50,8.75,92,82,6,65
2023-02-24,Thu,sophomore,10.25,7.50,6.25,89,82,53,77
2023-02-25,Fri,sophomore,12.25,7.25,4.50,83,74,92,83
2023-02-26,Sat,sophomore,9.50,9.75,4.75,92,92,79,90
2023-02-27,Sun,sophomore,6.00,9.25,8.75,71,93,16,61
2023-02-28,Mon,sophomore,11.25,6.25,6.50,83,50,50,65
2023-03-01,Tue,sophomore,8.00,7.25,8.75,90,70,9,62
2023-03-02,Wed,sophomore,11.25,7.00,5.75,90,69,61,78
2023-03-03,Thu,sophomore,11.75,9.50,2.75,93,84,57,84
2023-03-04,Fri,sophomore,7.50,9.00,7.50,80,95,31,81
2023-03-05,Sat,sophomore,6.75,7.50,9.75,78,80,2,59
2023-03-06,Sun,sophomore,6.00,9.00,9.00,69,95,6,59
2023-03-07,Mon,sophomore,9.25,9.00,5.75,91,92,66,85
2023-03-08,Tue,sophomore,8.50,7.50,8.00,91,74,20,72
2023-03-09,Wed,sophomore,8.25,6.50,9.25,87,56,4,60
2023-03-10,Thu,sophomore,10.50,6.50,7.00,89,55,38,62
2023-03-11,Fri,sophomore,12.50,7.50,4.00,80,74,86,77
2023-03-12,Sat,sophomore,9.00,8.25,6.75,95,94,49,86
2023-03-13,Sun,sophomore,6.50,7.50,10.00,73,73,1,54
2023-03-14,Mon,sophomore,11.50,7.50,5.00,92,79,68,82
2023-03-15,Tue,sophomore,10.25,8.75,5.00,89,92,88,93
2023-03-16,Wed,sophomore,11.50,9.00,3.50,97,93,86,87
2023-03-17,Thu,sophomore,9.50,8.00,6.50,92,83,45,78
2023-03-18,Fri,sophomore,8.50,8.25,7.25,89,80,44,76
2023-03-19,Sat,sophomore,7.00,10.25,6.75,85,90,46,78
2023-03-20,Sun,sophomore,6.50,8.25,9.25,71,85,1,61
2023-03-21,Mon,sophomore,14.25,6.75,3.00,84,72,71,79
2023-03-22,Tue,sophomore,14.25,6.25,3.50,86,49,73,70
2023-03-23,Wed,sophomore,11.50,7.50,5.00,82,84,74,79
2023-03-24,Thu,sophomore,10.00,7.25,6.75,92,86,43,79
2023-03-25,Fri,sophomore,13.00,6.75,4.25,92,66,84,86
2023-03-26,Sat,sophomore,3.25,8.75,12.00,20,86,1,35
2023-03-27,Sun,sophomore,5.25,10.25,8.50,48,92,6,58
2023-03-28,Mon,sophomore,7.75,6.50,9.75,87,59,1,54
2023-03-29,Tue,sophomore,10.00,7.00,7.00,98,71,43,72
2023-03-30,Wed,sophomore,12.00,7.75,4.25,79,85,86,81
2023-03-31,Thu,sophomore,10.00,8.00,6.00,96,80,59,77
2023-04-01,Fri,sophomore,7.25,10.50,6.25,87,84,56,75
2023-04-02,Sat,sophomore,8.00,10.25,5.75,86,77,61,77
2023-04-03,Sun,sophomore,8.50,7.00,8.50,88,65,17,65
2023-04-04,Mon,sophomore,7.50,7.25,9.25,83,75,3,57
2023-04-05,Tue,sophomore,9.75,7.00,7.25,91,60,26,64
2023-04-06,Wed,sophomore,8.75,5.25,10.00,93,42,1,51
2023-04-07,Thu,sophomore,11.00,9.00,4.00,85,88,79,88
2023-04-08,Fri,sophomore,11.00,5.50,7.50,88,41,31,60
2023-04-09,Sat,sophomore,8.25,9.50,6.25,95,100,53,88
2023-04-10,Sun,sophomore,8.50,8.50,7.00,91,99,35,78
2023-04-11,Mon,sophomore,9.25,7.75,7.00,93,80,40,75
2023-04-12,Tue,sophomore,12.25,5.25,6.50,86,45,51,59
2023-04-13,Wed,sophomore,10.25,7.50,6.25,90,78,50,73
2023-04-14,Thu,sophomore,11.00,7.25,5.75,81,72,57,71
2023-04-15,Fri,sophomore,9.50,8.00,6.50,92,91,45,81
2023-04-16,Sat,sophomore,7.75,10.50,5.75,84,81,68,77
2023-04-17,Sun,sophomore,4.50,7.50,12.00,34,75,1,44
2023-04-18,Mon,sophomore,12.50,4.50,7.00,89,17,45,47
2023-04-19,Tue,sophomore,11.00,5.75,7.25,96,53,34,70
2023-04-20,Wed,sophomore,14.25,7.00,2.75,95,64,68,73
2023-04-21,Thu,sophomore,10.50,8.00,5.50,86,90,68,82
2023-04-22,Fri,sophomore,7.00,6.00,11.00,82,54,1,53
2023-04-23,Sat,sophomore,8.50,9.25,6.25,96,96,51,85
2023-04-24,Sun,sophomore,11.25,7.75,5.00,89,91,81,89
2023-04-25,Mon,sophomore,8.50,7.00,8.50,86,74,8,64
2023-04-26,Tue,sophomore,8.00,6.00,10.00,88,51,1,54
2023-04-27,Wed,sophomore,8.50,7.25,8.25,94,69,18,68
2023-04-28,Thu,sophomore,15.75,7.00,1.25,71,67,33,57
2023-04-29,Fri,sophomore,9.25,8.25,6.50,97,95,46,85
2023-04-30,Sat,sophomore,7.00,10.75,6.25,81,68,52,71
2023-05-01,Sun,sophomore,5.25,8.25,10.50,47,95,1,51
2023-05-02,Mon,sophomore,12.75,5.75,5.50,82,49,76,72
2023-05-03,Tue,sophomore,7.75,6.25,10.00,86,55,1,51
2023-05-04,Wed,sophomore,13.25,5.50,5.25,82,34,79,67
2023-05-05,Thu,sophomore,12.50,6.25,5.25,93,62,76,82
2023-05-06,Fri,sophomore,10.50,6.25,7.25,90,64,39,66
2023-05-07,Sat,sophomore,7.75,7.50,8.75,75,87,3,64
2023-05-08,Sun,sophomore,9.00,7.25,7.75,94,75,17,71
2023-05-09,Mon,sophomore,12.75,8.50,2.75,83,93,65,79
2023-05-10,Tue,sophomore,11.50,5.25,7.25,81,36,37,60
2023-05-11,Wed,sophomore,12.25,7.50,4.25,88,73,88,81
2023-05-12,Thu,sophomore,14.00,6.50,3.50,92,60,75,78
2023-05-13,Fri,sophomore,13.00,7.75,3.25,82,83,79,80
2023-05-14,Sat,sophomore,9.75,7.50,6.75,99,74,36,70
2023-05-15,Sun,sophomore,8.50,9.00,6.50,95,93,45,87
2023-05-16,Mon,sophomore,10.00,6.75,7.25,86,62,37,65
2023-05-17,Tue,sophomore,7.00,7.75,9.25,79,78,2,57
2023-05-18,Wed,sophomore,15.50,7.75,0.75,74,90,26,68
2023-05-19,Thu,sophomore,11.00,6.50,6.50,87,67,47,70
2023-05-20,Fri,sophomore,12.00,6.75,5.25,87,73,73,79
2023-05-21,Sat,sophomore,8.50,8.00,7.50,96,97,22,79
2023-05-22,Sun,sophomore,8.75,7.00,8.25,98,62,17,72
2023-05-23,Mon,sophomore,13.50,9.50,1.00,93,89,28,75
2023-05-24,Tue,sophomore,11.75,6.00,6.25,95,55,49,71
2023-05-25,Wed,sophomore,14.25,6.00,3.75,82,54,80,71
2023-05-26,Thu,sophomore,15.50,6.75,1.75,79,62,40,60
2023-05-27,Fri,sophomore,15.00,6.25,2.75,95,54,69,72
2023-05-28,Sat,sophomore,8.50,8.50,7.00,94,91,36,76
2023-05-29,Sun,sophomore,7.75,8.00,8.25,86,89,23,70
2023-05-30,Mon,sophomore,13.75,6.25,4.00,79,56,84,69
2023-05-31,Tue,sophomore,13.00,6.25,4.75,92,62,81,83
2023-06-01,Wed,junior,16.25,4.75,3.00,67,36,70,55
2023-06-02,Thu,junior,14.25,7.25,2.50,96,82,55,84
2023-06-03,Fri,junior,12.50,7.00,4.50,82,68,78,70
2023-06-04,Sat,junior,10.00,5.75,8.25,85,46,12,54
2023-06-05,Sun,junior,6.25,6.25,11.50,67,52,1,48
2023-06-06,Mon,junior,11.75,6.50,5.75,86,62,69,79
2023-06-07,Tue,junior,15.50,8.25,0.25,71,88,11,65
2023-06-08,Wed,junior,9.50,6.75,7.75,98,67,19,68
2023-06-09,Thu,junior,12.00,5.25,6.75,94,34,47,64
2023-06-10,Fri,junior,8.50,5.75,9.75,95,55,1,56
2023-06-11,Sat,junior,7.25,7.75,9.00,86,81,8,67
2023-06-12,Sun,junior,8.75,8.75,6.50,91,100,49,85
2023-06-13,Mon,junior,11.50,6.75,5.75,78,68,62,74
2023-06-14,Tue,junior,16.00,5.50,2.50,70,43,62,55
2023-06-15,Wed,junior,14.00,4.75,5.25,89,33,69,61
2023-06-16,Thu,junior,12.00,7.50,4.50,95,79,84,90
2023-06-17,Fri,junior,15.00,8.75,0.25,80,82,7,60
2023-06-18,Sat,junior,10.75,11.00,2.25,100,76,50,81
2023-06-19,Sun,junior,5.75,9.00,9.25,53,93,2,53
2023-06-20,Mon,junior,18.25,3.25,2.50,33,1,56,22
2023-06-21,Tue,junior,12.75,7.00,4.25,95,64,87,83
2023-06-22,Wed,junior,9.00,7.75,7.25,92,76,38,68
2023-06-23,Thu,junior,11.75,4.00,8.25,87,5,20,47
2023-06-24,Fri,junior,14.00,6.75,3.25,82,61,85,72
2023-06-25,Sat,junior,12.75,7.25,4.00,93,69,88,80
2023-06-26,Sun,junior,9.25,7.50,7.25,93,75,27,70
2023-06-27,Mon,junior,17.50,6.25,0.25,50,67,12,49
2023-06-28,Tue,junior,16.75,7.00,0.25,57,68,11,56
2023-06-29,Wed,junior,8.25,4.25,11.50,86,19,1,45
2023-06-30,Thu,junior,17.25,4.50,2.25,48,21,51,40
2023-07-01,Fri,junior,17.75,5.50,0.75,44,40,33,36
2023-08-02,Tue,junior,16.00,6.75,1.25,68,65,35,60
2023-08-03,Wed,junior,10.75,7.00,6.25,94,74,58,76
2023-08-04,Thu,junior,10.50,4.75,8.75,86,34,7,46
2023-08-05,Fri,junior,12.00,7.75,4.25,88,81,84,87
2023-08-06,Sat,junior,9.25,8.50,6.25,100,92,50,84
2023-08-07,Sun,junior,13.25,7.50,3.25,81,84,75,81
2023-08-08,Mon,junior,13.75,6.00,4.25,84,58,85,70
2023-08-09,Tue,junior,14.00,3.75,6.25,87,10,58,57
2023-08-10,Wed,junior,14.25,6.25,3.50,85,64,83,74
2023-08-11,Thu,junior,6.50,6.50,11.00,76,61,1,52
2023-08-12,Fri,junior,12.75,4.25,7.00,87,16,37,52
2023-08-13,Sat,junior,12.75,7.00,4.25,86,78,80,81
2023-08-14,Sun,junior,10.25,7.00,6.75,96,69,43,73
2023-08-15,Mon,junior,15.00,6.25,2.75,87,55,64,64
2023-08-16,Tue,junior,14.50,7.50,2.00,84,79,53,76
2023-08-17,Wed,junior,15.00,7.50,1.50,87,82,29,68
2023-08-18,Thu,junior,11.25,6.50,6.25,84,53,52,70
2023-08-19,Fri,junior,15.50,5.25,3.25,87,38,74,70
2023-08-20,Sat,junior,12.75,7.25,4.00,85,70,78,82
2023-08-21,Sun,junior,9.75,5.25,9.00,94,32,9,52
2023-08-22,Mon,junior,10.75,3.50,9.75,89,1,1,33
2023-08-23,Tue,junior,14.50,3.50,6.00,90,1,52,56
2023-08-24,Wed,junior,15.50,5.50,3.00,77,35,70,65
2023-08-25,Thu,junior,15.00,7.50,1.50,78,70,42,68
2023-08-26,Fri,junior,10.00,7.25,6.75,94,72,38,72
2023-08-27,Sat,junior,10.00,7.00,7.00,100,69,41,73
2023-08-28,Sun,junior,7.00,8.25,8.75,82,83,4,62
2023-08-29,Mon,junior,15.50,6.75,1.75,80,70,44,71
2023-08-30,Tue,junior,14.00,6.75,3.25,86,76,73,76
2023-08-31,Wed,junior,12.50,5.50,6.00,85,41,60,63
2023-09-01,Thu,junior,13.50,6.75,3.75,89,61,81,77
2023-09-02,Fri,junior,17.25,6.50,0.25,50,63,6,45
2023-09-03,Sat,junior,10.00,7.50,6.50,99,86,46,84
2023-09-04,Sun,junior,7.75,7.75,8.50,84,80,12,67
2023-09-05,Mon,junior,14.50,4.50,5.00,88,22,82,70
2023-09-06,Tue,junior,10.25,6.50,7.25,88,63,30,69
2023-09-07,Wed,junior,16.50,5.00,2.50,70,30,53,54
2023-09-08,Thu,junior,17.25,6.50,0.25,48,60,15,43
2023-09-09,Fri,junior,15.75,7.75,0.50,72,83,28,67
2023-09-10,Sat,junior,11.75,8.00,4.25,82,85,80,77
2023-09-11,Sun,junior,8.25,6.25,9.50,93,55,1,62
2023-09-12,Mon,junior,14.50,5.75,3.75,86,47,77,75
2023-09-13,Tue,junior,14.25,5.75,4.00,94,52,83,75
2023-09-14,Wed,junior,11.25,4.75,8.00,96,23,17,54
2023-09-15,Thu,junior,16.25,7.25,0.50,60,80,28,59
2023-09-16,Fri,junior,14.50,6.75,2.75,78,76,60,74
2023-09-17,Sat,junior,8.00,7.00,9.00,89,72,4,60
2023-09-18,Sun,junior,10.25,7.25,6.50,97,74,57,78
2023-09-19,Mon,junior,9.50,5.25,9.25,97,43,3,54
2023-09-20,Tue,junior,14.50,6.25,3.25,80,58,74,73
2023-09-21,Wed,junior,16.25,4.25,3.50,61,14,79,49
2023-09-22,Thu,junior,16.75,6.50,0.75,64,53,23,47
2023-09-23,Fri,junior,11.75,4.75,7.50,85,26,31,51
2023-09-24,Sat,junior,12.75,7.25,4.00,87,79,91,84
2023-09-25,Sun,junior,9.75,10.00,4.25,95,87,85,96
2023-09-26,Mon,junior,16.50,6.50,1.00,71,66,27,60
2023-09-27,Tue,junior,17.25,6.25,0.50,58,55,19,52
2023-09-28,Wed,junior,15.50,7.75,0.75,81,79,22,69
2023-09-29,Thu,junior,11.25,6.25,6.50,83,55,46,65
2023-09-30,Fri,junior,19.00,4.00,1.00,24,9,28,23
2023-10-01,Sat,junior,12.25,8.25,3.50,88,85,79,87
2023-10-02,Sun,junior,8.00,6.50,9.50,95,56,1,59
2023-10-03,Mon,junior,12.25,5.00,6.75,91,29,47,61
2023-10-04,Tue,junior,14.00,5.75,4.25,91,46,84,80
2023-10-05,Wed,junior,11.25,7.75,5.00,83,87,80,87
2023-10-06,Thu,junior,13.25,5.50,5.25,85,42,77,69
2023-10-07,Fri,junior,15.00,7.00,2.00,86,67,39,69
2023-10-08,Sat,junior,10.25,6.25,7.50,93,59,30,64
2023-10-09,Sun,junior,6.00,5.75,12.25,63,48,1,42
2023-10-10,Mon,junior,16.50,6.00,1.50,61,51,37,51
2023-10-11,Tue,junior,12.50,7.75,3.75,76,83,73,77
2023-10-12,Wed,junior,16.00,6.50,1.50,66,59,37,60
2023-10-13,Thu,junior,10.25,4.25,9.50,92,13,7,38
2023-10-14,Fri,junior,14.25,5.75,4.00,78,46,86,70
2023-10-15,Sat,junior,9.00,8.25,6.75,87,85,42,74
2023-10-16,Sun,junior,12.00,7.25,4.75,83,75,90,80
2023-10-17,Mon,junior,13.50,8.25,2.25,87,89,51,85
2023-10-18,Tue,junior,17.75,6.00,0.25,34,58,15,39
2023-10-19,Wed,junior,18.00,5.75,0.25,42,44,16,39
2023-10-20,Thu,junior,14.50,6.75,2.75,90,68,65,73
2023-10-21,Fri,junior,16.75,5.75,1.50,53,54,31,45
2023-10-22,Sat,junior,15.25,8.50,0.25,82,92,11,75
2023-10-23,Sun,junior,6.75,7.50,9.75,74,83,1,60
2023-10-24,Mon,junior,14.75,6.50,2.75,77,54,71,66
2023-10-25,Tue,junior,13.25,5.25,5.50,84,32,69,62
2023-10-26,Wed,junior,12.75,6.75,4.50,90,59,83,72
2023-10-27,Thu,junior,14.75,5.50,3.75,82,39,86,66
2023-10-28,Fri,junior,15.25,4.75,4.00,82,27,88,71
2023-10-29,Sat,junior,13.50,6.75,3.75,89,69,81,88
2023-10-30,Sun,junior,10.25,7.50,6.25,92,85,58,78
2023-10-31,Mon,junior,16.00,7.75,0.25,77,82,13,69
2023-11-01,Tue,junior,13.50,6.00,4.50,84,50,82,74
2023-11-02,Wed,junior,15.00,7.50,1.50,80,77,41,63
2023-11-03,Thu,junior,13.00,6.25,4.75,85,58,87,80
2023-11-04,Fri,junior,13.75,4.75,5.50,89,16,63,55
2023-11-05,Sat,junior,8.25,6.75,9.00,94,81,20,73
2023-11-06,Sun,junior,13.50,5.75,4.75,82,46,83,73
2023-11-07,Mon,junior,17.75,6.00,0.25,43,50,9,35
2023-11-08,Tue,junior,9.50,6.75,7.75,91,66,24,59
2023-11-09,Wed,junior,11.00,6.00,7.00,83,50,36,62
2023-11-10,Thu,junior,15.75,2.75,5.50,84,1,65,51
2023-11-11,Fri,junior,17.25,6.50,0.25,53,64,10,43
2023-11-12,Sat,junior,11.50,5.75,6.75,88,47,43,64
2023-11-13,Sun,junior,8.75,9.25,6.00,87,89,60,80
2023-11-14,Mon,junior,12.50,5.50,6.00,86,42,62,64
2023-11-15,Tue,junior,10.25,4.75,9.00,95,22,1,45
2023-11-16,Wed,junior,10.00,6.00,8.00,92,51,22,58
2023-11-17,Thu,junior,12.50,4.75,6.75,81,28,45,58
2023-11-18,Fri,junior,12.50,6.00,5.50,85,57,71,78
2023-11-19,Sat,junior,10.00,7.00,7.00,96,65,37,69
2023-11-20,Sun,junior,10.75,7.25,6.00,83,76,58,74
2023-11-21,Mon,junior,15.50,6.50,2.00,74,64,41,63
2023-11-22,Tue,junior,13.75,6.75,3.50,88,50,76,71
2023-11-23,Wed,junior,14.50,7.50,2.00,87,86,43,76
2023-11-24,Thu,junior,17.00,5.50,1.50,49,41,31,43
2023-11-25,Fri,junior,16.75,5.00,2.25,58,37,56,48
2023-11-26,Sat,junior,11.25,8.50,4.25,89,96,88,92
2023-11-27,Sun,junior,7.75,6.00,10.25,93,47,1,50
2023-11-28,Mon,junior,16.50,6.75,0.75,66,60,23,54
2023-11-29,Tue,junior,15.50,5.00,3.50,78,36,76,65
2023-11-30,Wed,junior,13.75,6.75,3.50,89,75,83,85
2023-12-01,Thu,junior,16.25,5.50,2.25,75,40,51,58
2023-12-02,Fri,junior,14.25,6.50,3.25,84,61,74,74
2023-12-03,Sat,junior,9.75,6.25,8.00,85,48,19,53
2023-12-04,Sun,junior,12.25,5.00,6.75,91,38,41,66
2023-12-05,Mon,junior,17.25,6.50,0.25,44,66,8,43
2023-12-06,Tue,junior,18.75,5.25,0.00,24,28,5,18
2023-12-07,Wed,junior,13.75,3.00,7.25,86,1,27,40
2023-12-08,Thu,junior,12.00,3.75,8.25,92,1,17,46
2023-12-09,Fri,junior,15.50,3.75,4.75,78,1,80,51
2023-12-10,Sat,junior,11.25,6.00,6.75,91,55,42,65
2023-12-11,Sun,junior,10.00,8.50,5.50,94,90,71,86
2023-12-12,Mon,junior,13.50,2.75,7.75,92,1,26,43
2023-12-13,Tue,junior,16.25,4.25,3.50,76,10,77,57
2023-12-14,Wed,junior,13.00,4.25,6.75,95,17,45,51
2023-12-15,Thu,junior,15.00,3.50,5.50,82,1,73,56
2023-12-16,Fri,junior,17.50,5.75,0.75,47,46,25,43
2023-12-17,Sat,junior,13.50,6.75,3.75,95,63,79,80
2023-12-18,Sun,junior,10.25,6.25,7.50,97,66,30,65
2023-12-19,Mon,junior,16.50,4.75,2.75,64,28,66,51
2023-12-20,Tue,junior,11.75,5.00,7.25,88,33,32,58
2023-12-21,Wed,junior,18.00,5.75,0.25,34,50,5,33
2023-12-22,Thu,junior,16.75,5.50,1.75,61,47,46,49
2023-12-23,Fri,junior,19.75,3.75,0.50,14,3,18,13
2023-12-24,Sat,junior,7.75,7.50,8.75,83,76,8,57
2023-12-25,Sun,junior,12.00,5.25,6.75,91,38,44,63
2023-12-26,Mon,junior,17.00,6.75,0.25,63,64,12,50
2023-12-27,Tue,junior,16.50,4.00,3.50,59,9,80,43
2023-12-28,Wed,junior,16.00,2.50,5.50,75,1,73,49
2023-12-29,Thu,junior,16.25,2.00,5.75,74,1,62,43
2023-12-30,Fri,junior,17.75,4.50,1.75,44,26,42,43
2023-12-31,Sat,junior,12.50,7.00,4.50,83,59,84,78
2024-01-01,Sun,junior,12.25,6.75,5.00,82,70,78,75
2024-01-02,Mon,junior,16.50,5.50,2.00,60,49,42,46
2024-01-03,Tue,junior,15.75,6.50,1.75,73,68,44,67
2024-01-04,Wed,junior,13.25,6.25,4.50,81,52,80,69
2024-01-05,Thu,junior,15.00,7.00,2.00,71,79,44,66
2024-01-06,Fri,junior,12.25,5.50,6.25,82,43,53,55
2024-01-07,Sat,junior,4.75,8.75,10.50,43,87,1,47
2024-01-08,Sun,junior,13.75,7.25,3.00,77,80,69,76
2024-01-09,Mon,junior,14.00,6.50,3.50,85,64,75,81
2024-01-10,Tue,junior,17.50,4.25,2.25,50,19,60,45
2024-01-11,Wed,junior,12.00,5.25,6.75,89,39,42,59
2024-01-12,Thu,junior,13.50,6.50,4.00,97,59,79,81
2024-01-13,Fri,junior,10.75,3.75,9.50,83,1,2,39
2024-01-14,Sat,junior,3.75,7.25,13.00,35,81,1,49
2024-01-15,Sun,junior,8.75,9.25,6.00,95,89,56,82
2024-01-16,Mon,junior,14.00,7.25,2.75,87,70,66,75
2024-01-17,Tue,junior,13.25,7.50,3.25,80,72,72,73
2024-01-18,Wed,junior,17.75,6.00,0.25,39,47,15,33
2024-01-19,Thu,junior,12.50,7.50,4.00,84,83,84,87
2024-01-20,Fri,junior,17.25,6.50,0.25,62,65,12,51
2024-01-21,Sat,junior,12.25,9.50,2.25,82,95,50,79
2024-01-22,Sun,junior,10.75,7.50,5.75,91,81,62,78
2024-01-23,Mon,junior,13.75,6.50,3.75,84,61,75,67
2024-01-24,Tue,junior,14.00,6.50,3.50,83,53,78,68
2024-01-25,Wed,junior,15.50,8.25,0.25,80,100,11,69
2024-01-26,Thu,junior,14.00,4.25,5.75,82,5,60,48
2024-01-27,Fri,junior,16.50,5.00,2.50,65,35,52,50
2024-01-28,Sat,junior,10.75,10.00,3.25,96,84,78,92
2024-01-29,Sun,junior,8.50,8.50,7.00,90,94,37,85
2024-01-30,Mon,junior,15.25,4.50,4.25,82,18,85,62
2024-01-31,Tue,junior,13.00,7.00,4.00,94,67,81,79
2024-02-01,Wed,junior,15.00,5.50,3.50,79,38,75,67
2024-02-02,Thu,junior,15.50,7.50,1.00,75,92,25,65
2024-02-03,Fri,junior,12.25,6.25,5.50,84,51,74,68
2024-02-04,Sat,junior,7.00,7.25,9.75,80,78,1,59
2024-02-05,Sun,junior,15.75,8.00,0.25,76,95,8,65
2024-02-06,Mon,junior,14.00,8.00,2.00,91,81,48,77
2024-02-07,Tue,junior,12.00,6.00,6.00,80,47,66,67
2024-02-08,Wed,junior,9.50,6.00,8.50,95,57,19,62
2024-02-09,Thu,junior,17.25,5.25,1.50,53,46,40,51
2024-02-10,Fri,junior,15.00,7.25,1.75,89,78,46,75
2024-02-11,Sat,junior,10.25,6.50,7.25,86,68,34,71
2024-02-12,Sun,junior,8.75,7.50,7.75,94,80,23,75
2024-02-13,Mon,junior,12.25,6.50,5.25,86,61,62,70
2024-02-14,Tue,junior,12.75,7.25,4.00,82,77,84,82
2024-02-15,Wed,junior,14.50,5.75,3.75,79,42,77,66
2024-02-16,Thu,junior,9.75,5.50,8.75,92,55,16,60
2024-02-17,Fri,junior,17.75,4.75,1.50,43,23,36,30
2024-02-18,Sat,junior,12.00,8.50,3.50,92,93,76,89
2024-02-19,Sun,junior,8.75,7.25,8.00,93,77,16,70
2024-02-20,Mon,junior,12.50,6.50,5.00,92,62,78,79
2024-02-21,Tue,junior,13.50,7.00,3.50,83,67,78,75
2024-02-22,Wed,junior,17.00,4.25,2.75,55,15,61,41
2024-02-23,Thu,junior,8.25,7.50,8.25,87,87,13,66
2024-02-24,Fri,junior,10.25,6.00,7.75,95,62,29,68
2024-02-25,Sat,junior,12.00,8.00,4.00,85,95,79,93
2024-02-26,Sun,junior,11.00,6.75,6.25,95,68,53,75
2024-02-27,Mon,junior,15.25,6.25,2.50,78,54,63,62
2024-02-28,Tue,junior,15.50,5.50,3.00,70,42,71,58
2024-02-29,Wed,junior,17.00,5.75,1.25,61,46,32,50
2024-03-01,Thu,junior,10.50,3.75,9.75,92,1,1,40
2024-03-02,Fri,junior,13.75,5.75,4.50,92,57,78,78
2024-03-03,Sat,junior,12.00,9.00,3.00,94,91,65,79
2024-03-04,Sun,junior,14.50,8.25,1.25,74,84,36,70
2024-03-05,Mon,junior,13.50,6.50,4.00,83,48,84,71
2024-03-06,Tue,junior,15.50,8.25,0.25,85,86,11,68
2024-03-07,Wed,junior,11.75,5.25,7.00,80,36,40,52
2024-03-08,Thu,junior,17.00,6.75,0.25,55,67,7,49
2024-03-09,Fri,junior,17.50,6.00,0.50,44,45,13,38
2024-03-10,Sat,junior,11.50,8.75,3.75,91,94,77,87
2024-03-11,Sun,junior,11.75,8.25,4.00,76,89,82,82
2024-03-12,Mon,junior,12.50,6.50,5.00,82,59,74,75
2024-03-13,Tue,junior,8.75,8.00,7.25,90,90,37,80
2024-03-14,Wed,junior,19.00,4.75,0.25,15,26,13,16
2024-03-15,Thu,junior,17.50,5.75,0.75,50,46,29,43
2024-03-16,Fri,junior,16.50,7.25,0.25,62,89,10,55
2024-03-17,Sat,junior,7.50,4.75,11.75,88,22,1,39
2024-03-18,Sun,junior,8.25,7.25,8.50,95,86,14,70
2024-03-19,Mon,junior,12.75,5.75,5.50,80,50,65,66
2024-03-20,Tue,junior,12.75,7.25,4.00,84,74,87,79
2024-03-21,Wed,junior,12.25,8.75,3.00,88,88,76,82
2024-03-22,Thu,junior,11.50,7.00,5.50,83,70,69,71
2024-03-23,Fri,junior,14.00,6.75,3.25,80,73,72,80
2024-03-24,Sat,junior,11.00,7.25,5.75,89,70,64,80
2024-03-25,Sun,junior,6.00,7.25,10.75,66,71,1,54
2024-03-26,Mon,junior,16.75,7.00,0.25,63,62,9,53
2024-03-27,Tue,junior,14.25,6.50,3.25,82,68,70,68
2024-03-28,Wed,junior,14.00,3.50,6.50,92,1,49,55
2024-03-29,Thu,junior,10.25,4.00,9.75,89,11,1,44
2024-03-30,Fri,junior,14.00,7.25,2.75,81,70,62,72
2024-03-31,Sat,junior,8.75,7.25,8.00,92,80,18,67
2024-04-01,Sun,junior,11.25,7.50,5.25,87,79,81,82
2024-04-02,Mon,junior,11.25,5.50,7.25,83,50,36,64
2024-04-03,Tue,junior,16.25,5.00,2.75,66,33,55,46
2024-04-04,Wed,junior,16.50,6.00,1.50,67,51,34,55
2024-04-05,Thu,junior,12.25,5.75,6.00,98,52,58,74
2024-04-06,Fri,junior,12.25,7.50,4.25,87,77,84,84
2024-04-07,Sat,junior,10.75,8.00,5.25,87,83,76,78
2024-04-08,Sun,junior,6.00,8.50,9.50,66,89,1,56
2024-04-09,Mon,junior,14.50,5.25,4.25,87,29,85,65
2024-04-10,Tue,junior,11.75,7.25,5.00,90,71,80,77
2024-04-11,Wed,junior,13.00,4.00,7.00,86,10,45,47
2024-04-12,Thu,junior,13.75,7.50,2.75,88,80,66,82
2024-04-13,Fri,junior,9.50,4.50,10.00,100,14,2,51
2024-04-14,Sat,junior,8.50,6.00,9.50,94,58,1,55
2024-04-15,Sun,junior,9.00,7.50,7.50,100,79,19,76
2024-04-16,Mon,junior,12.50,7.75,3.75,91,83,81,82
2024-04-17,Tue,junior,13.00,6.00,5.00,85,55,79,72
2024-04-18,Wed,junior,10.75,5.25,8.00,92,25,19,49
2024-04-19,Thu,junior,15.00,8.25,0.75,79,94,20,70
2024-04-20,Fri,junior,13.50,5.50,5.00,88,45,79,68
2024-04-21,Sat,junior,7.75,7.25,9.00,85,75,12,68
2024-04-22,Sun,junior,9.25,7.25,7.50,98,67,22,64
2024-04-23,Mon,junior,13.75,6.00,4.25,84,48,83,69
2024-04-24,Tue,junior,15.25,5.00,3.75,76,27,80,57
2024-04-25,Wed,junior,16.50,7.50,0.00,66,79,8,59
2024-04-26,Thu,junior,11.25,6.25,6.50,86,55,55,65
2024-04-27,Fri,junior,11.00,7.25,5.75,72,83,68,70
2024-04-28,Sat,junior,10.00,8.00,6.00,91,84,52,82
2024-04-29,Sun,junior,9.50,5.75,8.75,100,42,10,61
2024-04-30,Mon,junior,18.00,3.50,2.50,37,1,59,29
2024-05-01,Tue,junior,13.75,4.00,6.25,85,6,52,51
2024-05-02,Wed,junior,16.00,4.25,3.75,76,17,84,59
2024-05-03,Thu,junior,18.00,5.75,0.25,43,48,7,32
2024-05-04,Fri,junior,16.00,6.75,1.25,73,65,37,61
2024-05-05,Sat,junior,10.50,6.25,7.25,83,52,30,57
2024-05-06,Sun,junior,12.75,6.25,5.00,88,58,80,78
2024-05-07,Mon,junior,12.75,5.75,5.50,98,41,70,76
2024-05-08,Tue,junior,19.00,4.75,0.25,21,39,9,22
2024-05-09,Wed,junior,13.75,6.75,3.50,90,71,76,83
2024-05-10,Thu,junior,20.00,3.00,1.00,6,1,24,6
2024-05-11,Fri,junior,17.50,5.50,1.00,40,45,27,38
2024-05-12,Sat,junior,11.50,6.00,6.50,86,46,41,62
2024-05-13,Sun,junior,11.25,6.75,6.00,76,75,59,73
2024-05-14,Mon,junior,18.75,5.25,0.00,26,32,1,19
2024-05-15,Tue,junior,15.25,4.75,4.00,86,30,81,63
2024-05-16,Wed,junior,15.75,5.00,3.25,75,33,76,62
2024-05-17,Thu,junior,17.25,4.50,2.25,51,20,61,42
2024-05-18,Fri,junior,18.25,5.25,0.50,40,39,16,34
2024-05-19,Sat,junior,7.25,6.00,10.75,85,47,1,53
2024-05-20,Sun,junior,12.25,5.75,6.00,82,49,60,65
2024-05-21,Mon,junior,13.50,5.25,5.25,89,33,69,67
2024-05-22,Tue,junior,11.50,3.75,8.75,94,1,7,41
2024-05-23,Wed,junior,17.25,4.75,2.00,41,15,45,36
2024-05-24,Thu,junior,16.25,5.00,2.75,64,41,62,56
2024-05-25,Fri,junior,17.25,4.50,2.25,44,18,57,40
2024-05-26,Sat,junior,12.25,9.50,2.25,88,99,55,82
2024-05-27,Sun,junior,14.25,8.00,1.75,94,79,48,79
2024-05-28,Mon,junior,15.50,6.75,1.75,76,65,43,64
2024-05-29,Tue,junior,18.25,5.50,0.25,35,40,14,35
2024-05-30,Wed,junior,19.00,4.25,0.75,21,19,20,22
2024-05-31,Thu,junior,16.50,6.50,1.00,59,66,28,53
2024-06-01,Fri,junior,17.00,5.75,1.25,50,54,35,44
2024-06-02,Sat,junior,11.00,7.75,5.25,99,87,71,87
2024-06-03,Sun,junior,10.00,6.25,7.75,91,52,20,59
2024-06-04,Mon,junior,14.25,7.00,2.75,86,69,67,70
2024-06-05,Tue,junior,14.50,6.50,3.00,81,59,69,71
2024-06-06,Wed,junior,14.50,6.00,3.50,85,51,80,76
2024-06-07,Thu,junior,12.25,5.00,6.75,98,35,43,61
2024-06-08,Fri,junior,13.50,7.25,3.25,81,81,76,79
2024-06-09,Sat,junior,7.50,7.25,9.25,79,78,2,63
2024-06-10,Sun,junior,12.00,7.25,4.75,84,81,77,85
2024-06-11,Mon,junior,14.50,5.75,3.75,92,43,79,77
2024-06-12,Tue,junior,10.75,7.75,5.50,96,78,73,85
2024-06-13,Wed,junior,12.00,5.75,6.25,91,41,57,67
2024-06-14,Thu,junior,13.75,4.25,6.00,91,10,62,59
2024-06-15,Fri,junior,14.75,4.75,4.50,81,24,84,61
2024-06-16,Sat,junior,11.25,6.75,6.00,88,72,59,70
2024-06-17,Sun,junior,5.75,9.50,8.75,61,86,17,63
2024-06-18,Mon,junior,13.50,8.75,1.75,98,95,45,91
2024-06-19,Tue,junior,15.25,5.75,3.00,83,37,63,68
2024-06-20,Wed,junior,12.00,4.75,7.25,91,29,38,57
2024-06-21,Thu,junior,13.25,9.00,1.75,78,92,48,75
2024-06-22,Fri,junior,14.25,6.25,3.50,91,62,87,83
2024-06-23,Sat,junior,8.75,8.00,7.25,100,78,34,74
2024-06-24,Sun,junior,11.25,6.25,6.50,85,48,46,64
2024-06-25,Mon,junior,17.00,6.00,1.00,54,59,30,54
2024-06-26,Tue,junior,15.50,7.00,1.50,81,82,38,72
2024-06-27,Wed,junior,13.25,4.00,6.75,93,11,42,50
2024-06-28,Thu,junior,15.50,6.00,2.50,68,55,65,58
2024-06-29,Fri,junior,16.00,6.50,1.50,75,65,32,57
2024-06-30,Sat,junior,11.00,7.00,6.00,83,74,61,78
2024-07-01,Sun,junior,11.00,6.25,6.75,87,46,44,61
2024-08-02,Thu,junior,17.00,6.50,0.50,53,65,24,44
2024-08-03,Fri,junior,11.50,6.25,6.25,91,55,50,63
2024-08-04,Sat,junior,8.00,7.50,8.50,90,74,4,65
2024-08-05,Sun,junior,10.50,7.00,6.50,82,72,46,66
2024-08-06,Mon,junior,16.25,7.25,0.50,69,79,23,56
2024-08-07,Tue,junior,14.75,6.50,2.75,79,59,68,71
2024-08-08,Wed,junior,12.50,7.50,4.00,79,73,80,80
2024-08-09,Thu,junior,9.50,5.00,9.50,95,36,1,52
2024-08-10,Fri,junior,17.00,6.50,0.50,62,59,20,50
2024-08-11,Sat,junior,9.50,6.75,7.75,93,58,17,64
2024-08-12,Sun,junior,9.75,7.25,7.00,98,73,38,78
2024-08-13,Mon,junior,18.50,5.25,0.25,34,34,14,33
